{"Fid":"cmsklil6RDKBQRuVFVQOZ1","Status":3,"AuthToken":"eyJhbGciOiJFUzI1NiIsInR5cCI6IkpXVCJ9.eyJhcHBJZCI6IjE6NDEyODI2MTM4NzM1OmFuZHJvaWQ6OGEzMmY3OTFlNDE1NjM0ZjJmZjU5YSIsImV4cCI6MTc1NjA5MjY1MSwiZmlkIjoiY21za2xpbDZSREtCUVJ1VkZWUU9aMSIsInByb2plY3ROdW1iZXIiOjQxMjgyNjEzODczNX0.AB2LPV8wRgIhALNVBoHVFtbwgDEQDDbV4vzqcBi9WecuRvZvucaVvt16AiEAwLTRnicWouRuxHRXIJIX18pHTO7r3g3kaOli9wtGnnE","RefreshToken":"3_AS3qfwKr2oONwD4aUNbmrnY_smuXF3mC6tjgUgZ4IOmBL5bbipjx4xpu3ZT8KKPSmsttzJy21w1uJhRPZUaxDz_fHtfjYcx95ckMNfKvDHFEXGs","TokenCreationEpochInSecs":1755487850,"ExpiresInSecs":604800}