{"Fid":"cAttlQndTfWDz9Q6NGxS48","Status":3,"AuthToken":"eyJhbGciOiJFUzI1NiIsInR5cCI6IkpXVCJ9.eyJhcHBJZCI6IjE6NDEyODI2MTM4NzM1OmFuZHJvaWQ6OGEzMmY3OTFlNDE1NjM0ZjJmZjU5YSIsImV4cCI6MTc2NzM0MjgxNSwiZmlkIjoiY0F0dGxRbmRUZldEejlRNk5HeFM0OCIsInByb2plY3ROdW1iZXIiOjQxMjgyNjEzODczNX0.AB2LPV8wRQIgB6Q3Hn7IxpuIEsknirms-IqRoskrYx7BDx9Og0Eli0MCIQDZz6qj4cGJ5hFd_bq-JFv3YStIWJmI-kNRtD90Mrjdkg","RefreshToken":"3_AS3qfwL0iXZkRJ9tqwxSOEQiOliSUL5qdANIhLWUe7-r1kSwRCp5_CJ5fUovRVsUTpiE_eKOyzodyTE6qugL3s-vJLJxfypHZclkk3xZQAHnDvs","TokenCreationEpochInSecs":1766738015,"ExpiresInSecs":604800}