{"Fid":"eHEsAMr4TyyOZ05ulbPrUm","Status":3,"AuthToken":"eyJhbGciOiJFUzI1NiIsInR5cCI6IkpXVCJ9.eyJhcHBJZCI6IjE6NDEyODI2MTM4NzM1OmFuZHJvaWQ6OGEzMmY3OTFlNDE1NjM0ZjJmZjU5YSIsImV4cCI6MTc1NjY5ODA4NiwiZmlkIjoiZUhFc0FNcjRUeXlPWjA1dWxiUHJVbSIsInByb2plY3ROdW1iZXIiOjQxMjgyNjEzODczNX0.AB2LPV8wRAIgAJlh_JQJaTbbNB4RQR-2dBTW0n4P3MPdc58WpYkZE44CIHt6b2J1ZZtAaSXuypdku9iWVOV-0_vg68Ek2HXYnHkC","RefreshToken":"3_AS3qfwLCuJvKGbEtMrsNZ5eOUIDUK-RPMxdLUH8Q9bON1bH_AB-gTSP3ddBciuThk7lB31HSL5L9H6UCPRI4DHEDsoy9d5Ru2nlISwJ4vhyKKg","TokenCreationEpochInSecs":1756093286,"ExpiresInSecs":604800}