<?xml version='1.0' encoding='utf-8' standalone='yes' ?>
<map>
    <string name="prev_event_name">first_launch</string>
    <long name="prev_event_timestamp" value="1756112616684" />
    <int name="appsFlyerInAppEventCount" value="1" />
    <string name="afUninstallToken">fjimIxWIRGWH6NUE1eZ5Xr:APA91bG6gOmpjh84z115Cj91wmO7RLR7TtjESzwAR3w7FEg5rTuq4IyY5P1ODB42wYpGRzfloIojLlXKDfLVCVGmUw7IVwR1sriKPkYBTAHiQ5KwGmyhmmw</string>
    <long name="prev_session_dur" value="7" />
    <boolean name="ddl_sent" value="true" />
    <long name="af_rc_max_age" value="86400" />
    <string name="sentSuccessfully">true</string>
    <int name="versionCode" value="20251702" />
    <string name="af_remote_config">eyJmZWF0dXJlcyI6e30sInZlciI6ImRlZmF1bHQudjEuMTYzNzE0OTUyOSJ9</string>
    <boolean name="sentRegisterRequestToAF" value="true" />
    <string name="savedProperties">{&quot;uid&quot;:&quot;1756112614258-6024689093883933142&quot;,&quot;waitForCustomerId&quot;:&quot;false&quot;,&quot;logLevel&quot;:&quot;0&quot;,&quot;AppUserId&quot;:&quot;834259718c501385&quot;}</string>
    <string name="AF_INSTALLATION">1756112614258-6024689093883933142</string>
    <boolean name="afUninstallToken_queued" value="false" />
    <int name="appsFlyerCount" value="4" />
    <long name="af_rc_timestamp" value="1756112614620" />
    <long name="AppsFlyerTimePassedSincePrevLaunch" value="1756117168507" />
    <boolean name="newGPReferrerSent" value="true" />
    <string name="first_launch">{&quot;net&quot;:961,&quot;from_fg&quot;:1019,&quot;start_with&quot;:&quot;application&quot;,&quot;init_to_fg&quot;:75}</string>
    <string name="appsFlyerFirstInstall">2025-08-25_143334+0530</string>
    <long name="afUninstallToken_received_time" value="1756117170470" />
    <string name="attributionId">{&quot;install_time&quot;:&quot;2025-08-25 09:03:36.086&quot;,&quot;af_message&quot;:&quot;organic install&quot;,&quot;af_status&quot;:&quot;Organic&quot;,&quot;is_first_launch&quot;:false}</string>
</map>
