<?xml version='1.0' encoding='utf-8' standalone='yes' ?>
<map>
    <long name="fire-count" value="1" />
    <string name="last-used-date">2025-08-25</string>
    <long name="fire-global" value="1756110861057" />
    <set name="fire-cls/18.4.1 fire-analytics/21.3.0 fire-analytics-ktx/21.3.0 fire-fcm/23.2.1 kotlin/2.0.0 fire-abt/21.1.1 fire-sessions/1.0.2 fire-cls-ndk/18.4.1 fire-core/20.3.3 fire-android/30 fire-perf-ktx/unspecified fire-fst-ktx/unspecified android-min-sdk/21 android-platform/ fire-transport/18.1.8 fire-perf/20.4.1 device-brand/Redmi fire-core-ktx/unspecified fire-fst/24.7.1 device-name/excalibur_in fire-db-ktx/unspecified fire-fcm-ktx/unspecified android-installer/com.android.vending fire-installations/17.1.4 fire-rc/21.4.1 fire-rtdb/20.2.2 device-model/excalibur android-target-sdk/27">
        <string>2025-08-25</string>
    </set>
</map>
