{"Fid":"fjimIxWIRGWH6NUE1eZ5Xr","Status":3,"AuthToken":"eyJhbGciOiJFUzI1NiIsInR5cCI6IkpXVCJ9.eyJhcHBJZCI6IjE6NDEyODI2MTM4NzM1OmFuZHJvaWQ6OGEzMmY3OTFlNDE1NjM0ZjJmZjU5YSIsImV4cCI6MTc1NjcxNTY2MiwiZmlkIjoiZmppbUl4V0lSR1dINk5VRTFlWjVYciIsInByb2plY3ROdW1iZXIiOjQxMjgyNjEzODczNX0.AB2LPV8wRQIhAJpDDBBeoxsXHVdVXXY4PsZlBSlG_qdsiPq6S--PmLMvAiBJpBJXKsiCwArMG7RhcATbhCXQNzXp0_ll3H_Rq9MHjA","RefreshToken":"3_AS3qfwJLrLz1HkxB-Q2IHkG0PLox6X-4VvVJcdAQMfrku_erehwfslkDQ5ENXAkAWegV7kJm4y8dzeDtVnmP9D84LsJUktua8ZCKEAc9PpQj_A","TokenCreationEpochInSecs":1756110862,"ExpiresInSecs":604800}