<?xml version='1.0' encoding='utf-8' standalone='yes' ?>
<map>
    <string name="prev_event_name">number_verified</string>
    <long name="prev_event_timestamp" value="1756093399958" />
    <int name="appsFlyerInAppEventCount" value="2" />
    <string name="afUninstallToken">eHEsAMr4TyyOZ05ulbPrUm:APA91bEO7qE3frXN9Xz2n0zHfFxdofC6IisahGGIrYLqq2ajVfFAJ8_ZXbYD87pS3uqTmEv00_Kpr9Xgg-YBqC1TLh9MINIXxEOMXhA8nAZ-OABfcDp_i_A</string>
    <long name="prev_session_dur" value="14" />
    <boolean name="ddl_sent" value="true" />
    <long name="af_rc_max_age" value="86400" />
    <string name="sentSuccessfully">true</string>
    <int name="versionCode" value="20251702" />
    <string name="af_remote_config">eyJmZWF0dXJlcyI6e30sInZlciI6ImRlZmF1bHQudjEuMTYzNzE0OTUyOSJ9</string>
    <boolean name="sentRegisterRequestToAF" value="true" />
    <string name="savedProperties">{&quot;uid&quot;:&quot;1756093299615-8048539129396028520&quot;,&quot;waitForCustomerId&quot;:&quot;false&quot;,&quot;logLevel&quot;:&quot;0&quot;,&quot;AppUserId&quot;:&quot;834259718c501385&quot;}</string>
    <string name="AF_INSTALLATION">1756093299615-8048539129396028520</string>
    <boolean name="afUninstallToken_queued" value="false" />
    <int name="appsFlyerCount" value="7" />
    <long name="AppsFlyerTimePassedSincePrevLaunch" value="1756097511453" />
    <long name="af_rc_timestamp" value="1756093300596" />
    <boolean name="newGPReferrerSent" value="true" />
    <string name="appsFlyerFirstInstall">2025-08-25_091139+0530</string>
    <long name="afUninstallToken_received_time" value="1756093288831" />
    <string name="attributionId">{&quot;install_time&quot;:&quot;2025-08-25 03:41:47.282&quot;,&quot;af_message&quot;:&quot;organic install&quot;,&quot;af_status&quot;:&quot;Organic&quot;,&quot;is_first_launch&quot;:false}</string>
</map>
