<?xml version='1.0' encoding='utf-8' standalone='yes' ?>
<map>
    <string name="afUninstallToken">fjimIxWIRGWH6NUE1eZ5Xr:APA91bF7gYDLvHgrV5O4_UiTzoaRhHT6rn2ZFuZfgHqjRL3mChE10hv7BBQVj8hSzxEdiDiFlKhzXbibNFJc7UWsjoIMZ9Gzc6eMAyna2MHNwI3VlQa97xQ</string>
    <long name="prev_session_dur" value="8" />
    <boolean name="ddl_sent" value="true" />
    <long name="af_rc_max_age" value="86400" />
    <string name="sentSuccessfully">true</string>
    <int name="versionCode" value="20251702" />
    <string name="af_remote_config">eyJmZWF0dXJlcyI6e30sInZlciI6ImRlZmF1bHQudjEuMTYzNzE0OTUyOSJ9</string>
    <boolean name="sentRegisterRequestToAF" value="true" />
    <string name="savedProperties">{&quot;uid&quot;:&quot;1756122612267-1054852429828619520&quot;,&quot;waitForCustomerId&quot;:&quot;false&quot;,&quot;logLevel&quot;:&quot;0&quot;,&quot;AppUserId&quot;:&quot;656535b44c2d5730&quot;}</string>
    <string name="AF_INSTALLATION">1756122612267-1054852429828619520</string>
    <boolean name="afUninstallToken_queued" value="false" />
    <int name="appsFlyerCount" value="3" />
    <long name="af_rc_timestamp" value="1756122612613" />
    <long name="AppsFlyerTimePassedSincePrevLaunch" value="1756122736238" />
    <boolean name="newGPReferrerSent" value="true" />
    <string name="appsFlyerFirstInstall">2025-08-25_172012+0530</string>
    <long name="afUninstallToken_received_time" value="1756122737692" />
</map>
