<?xml version='1.0' encoding='utf-8' standalone='yes' ?>
<map>
    <string name="prev_event_name">number_verified</string>
    <long name="prev_event_timestamp" value="1754493560872" />
    <int name="appsFlyerInAppEventCount" value="2" />
    <string name="afUninstallToken">cmsklil6RDKBQRuVFVQOZ1:APA91bFUWUkfiZAPeMF5ZkwETwMzuEIpABkWww6mOMJ3qgqh08eBFbiIX4L0zKZM2m4qSHVUwYO6TxbHct5LfaXuDgKcU5qttbkGRchFcyc5vhpnQwLCVBU</string>
    <long name="prev_session_dur" value="3" />
    <boolean name="ddl_sent" value="true" />
    <long name="af_rc_max_age" value="86400" />
    <string name="sentSuccessfully">true</string>
    <int name="versionCode" value="20251301" />
    <string name="af_remote_config">eyJmZWF0dXJlcyI6e30sInZlciI6ImRlZmF1bHQudjEuMTYzNzE0OTUyOSJ9</string>
    <boolean name="sentRegisterRequestToAF" value="true" />
    <string name="savedProperties">{&quot;uid&quot;:&quot;1754493511013-5578664550175015622&quot;,&quot;waitForCustomerId&quot;:&quot;false&quot;,&quot;logLevel&quot;:&quot;0&quot;,&quot;AppUserId&quot;:&quot;690fc593b739834&quot;}</string>
    <string name="AF_INSTALLATION">1754493511013-5578664550175015622</string>
    <boolean name="afUninstallToken_queued" value="false" />
    <int name="appsFlyerCount" value="6" />
    <long name="af_rc_timestamp" value="1755487851477" />
    <long name="AppsFlyerTimePassedSincePrevLaunch" value="1755487871166" />
    <boolean name="newGPReferrerSent" value="true" />
    <string name="first_launch">{&quot;net&quot;:942,&quot;from_fg&quot;:562,&quot;start_with&quot;:&quot;application&quot;,&quot;init_to_fg&quot;:305}</string>
    <string name="appsFlyerFirstInstall">2025-08-06_204831+0530</string>
    <long name="afUninstallToken_received_time" value="1755487854152" />
    <string name="attributionId">{&quot;install_time&quot;:&quot;2025-08-06 15:18:34.532&quot;,&quot;af_message&quot;:&quot;organic install&quot;,&quot;af_status&quot;:&quot;Organic&quot;,&quot;is_first_launch&quot;:false}</string>
</map>
