<?xml version='1.0' encoding='utf-8' standalone='yes' ?>
<map>
    <long name="first_open_time" value="1754493508267" />
    <string name="default_event_parameters">[{&quot;n&quot;:&quot;sc_session_id&quot;,&quot;v&quot;:&quot;2799994192_723b1c51-85b1-422a-88ab-fd101af5a3c4&quot;,&quot;t&quot;:&quot;s&quot;}]</string>
    <string name="gmp_app_id">1:412826138735:android:8a32f791e415634f2ff59a</string>
    <string name="app_instance_id">914aa41b36f9de3d21d99d5a17951684</string>
    <boolean name="has_been_opened" value="true" />
    <boolean name="app_backgrounded" value="true" />
    <boolean name="allow_remote_dynamite" value="true" />
    <long name="health_monitor:start" value="1755487876239" />
    <boolean name="use_service" value="true" />
    <boolean name="start_new_session" value="true" />
</map>
