<?xml version='1.0' encoding='utf-8' standalone='yes' ?>
<map>
    <long name="first_open_time" value="1757050285658" />
    <string name="gmp_app_id">1:412826138735:android:8a32f791e415634f2ff59a</string>
    <string name="app_instance_id">d46bab108aa34bf8bf4d569f5ea7466b</string>
    <long name="session_id" value="1757995335" />
    <boolean name="app_backgrounded" value="false" />
    <long name="health_monitor:start" value="1757995335501" />
    <boolean name="use_service" value="true" />
    <boolean name="deferred_analytics_collection" value="false" />
    <string name="default_event_parameters">[{&quot;n&quot;:&quot;sc_session_id&quot;,&quot;v&quot;:&quot;3356132988_804f8cf3-baa2-4033-bd5f-6b253a7ce028&quot;,&quot;t&quot;:&quot;s&quot;}]</string>
    <string name="previous_os_version">11</string>
    <boolean name="has_been_opened" value="true" />
    <boolean name="allow_remote_dynamite" value="true" />
    <long name="last_pause_time" value="1757995349022" />
    <boolean name="start_new_session" value="false" />
</map>
