<?xml version='1.0' encoding='utf-8' standalone='yes' ?>
<map>
    <long name="first_open_time" value="1756093175213" />
    <string name="gmp_app_id">1:412826138735:android:8a32f791e415634f2ff59a</string>
    <string name="app_instance_id">a0d39c6e98e10e4ccd1c3abde3ed39f0</string>
    <boolean name="app_backgrounded" value="false" />
    <long name="session_id" value="1756097509" />
    <long name="health_monitor:start" value="1756093175535" />
    <boolean name="use_service" value="true" />
    <boolean name="deferred_analytics_collection" value="false" />
    <string name="default_event_parameters">[{&quot;n&quot;:&quot;sc_session_id&quot;,&quot;v&quot;:&quot;4082213806_795c150a-74aa-4b14-b586-de01deede53d&quot;,&quot;t&quot;:&quot;s&quot;}]</string>
    <string name="previous_os_version">11</string>
    <boolean name="has_been_opened" value="true" />
    <boolean name="allow_remote_dynamite" value="true" />
    <long name="last_pause_time" value="1756097524408" />
    <boolean name="start_new_session" value="false" />
</map>
