<?xml version='1.0' encoding='utf-8' standalone='yes' ?>
<map>
    <long name="first_open_time" value="1756118545617" />
    <string name="gmp_app_id">1:412826138735:android:8a32f791e415634f2ff59a</string>
    <string name="app_instance_id">368646d9ab3f6ef7af857badfe9030d0</string>
    <long name="session_id" value="1756122610" />
    <boolean name="app_backgrounded" value="false" />
    <long name="health_monitor:start" value="1756118545861" />
    <boolean name="use_service" value="true" />
    <boolean name="deferred_analytics_collection" value="false" />
    <string name="default_event_parameters">[{&quot;n&quot;:&quot;sc_session_id&quot;,&quot;v&quot;:&quot;4448252494_b20393cc-c8f0-4ad6-acef-2e4410c0d560&quot;,&quot;t&quot;:&quot;s&quot;}]</string>
    <string name="previous_os_version">11</string>
    <boolean name="has_been_opened" value="true" />
    <boolean name="allow_remote_dynamite" value="true" />
    <long name="last_pause_time" value="1756122740302" />
    <boolean name="start_new_session" value="false" />
</map>
