<?xml version='1.0' encoding='utf-8' standalone='yes' ?>
<map>
    <string name="last-used-date">2025-08-18</string>
    <long name="fire-count" value="1" />
    <long name="fire-global" value="1755487849690" />
    <set name="fire-cls/18.4.1 fire-analytics/21.3.0 android-installer/ device-model/RE54B4L1 device-name/RE54B4L1 fire-fcm/23.2.1 fire-analytics-ktx/21.3.0 kotlin/2.0.0 fire-abt/21.1.1 fire-sessions/1.0.2 fire-cls-ndk/18.4.1 fire-core/20.3.3 fire-android/30 fire-perf-ktx/unspecified android-min-sdk/21 android-platform/ fire-fst-ktx/unspecified fire-transport/18.1.8 android-target-sdk/33 fire-perf/20.4.1 fire-core-ktx/unspecified fire-fst/24.7.1 device-brand/realme fire-db-ktx/unspecified fire-fcm-ktx/unspecified fire-installations/17.1.4 fire-rtdb/20.2.2 fire-rc/21.4.1">
        <string>2025-08-18</string>
    </set>
</map>
