<?xml version='1.0' encoding='utf-8' standalone='yes' ?>
<map>
    <string name="auid">fc036bf0-273f-4865-8d84-e7f40d3341b7</string>
    <string name="search_keys">{&quot;success&quot;:&quot;&quot;,&quot;fail&quot;:&quot;&quot;,&quot;searchKeys&quot;:[&quot;market://&quot;,&quot;play.google.com&quot;],&quot;acknowledgeWith&quot;:&quot;acknowledgeMessage&quot;,&quot;declineWith&quot;:&quot;errorTest&quot;}</string>
    <string name="ssaGlobalAppData">{&quot;controllerVersion&quot;:&quot;3031&quot;,&quot;adPlayerVersion&quot;:&quot;0.1.6889&quot;}</string>
    <string name="version">8.3.0</string>
</map>
